{
  "accuracy": 0.994,
  "precision": 0.9909,
  "recall": 0.9646,
  "f1": 0.9776,
  "threshold": 0.8,
  "test_size": 838,
  "class_balance": {
    "spam": 0.13484486873508353,
    "ham": 0.8651551312649165
  },
  "confusion": {
    "tp": 109,
    "fp": 1,
    "fn": 4,
    "tn": 724
  }
}